"id","node","node_status","serial_number","dev_eui","latitude","longitude"
161,"F16A1266","ONLINE","2008DFA006711","a67740be12b7899d","35.098652","-106.670992"
276,"F17B374","ONLINE","2008DFA006736","db9198edb323fe18","35.080064","-106.648792"
479,"DECA0711","ONLINE","2008DFA006713","a670bcc6f8f16050","35.098068","-106.669431"
240,"F17B382","ONLINE","2008DFA006802","a790789add2eda4c","35.080752","-106.652992"
673,"F16D303","ONLINE","2008DFA001421","63d91cbfb3859a7d","35.08892","-106.652078"
732,"7e03cc373e8d54ab","ONLINE","2102DFA007638","7e03cc373e8d54ab","35.070192","-106.712208"
666,"F16D246","ONLINE","2008DFA001411","7b8cb05c6ecc0bc6","35.088","-106.649904"
634,"F16D211","ONLINE","2006DFA004482","649d902027d26e0e","35.086799","-106.652237"
657,"F16D272","ONLINE","2008DFA001364","c8ad4c8fb54441dd","35.087446","-106.652377"
520,"db5ee81e40ee9cd2","ONLINE","2008DFA006948","db5ee81e40ee9cd2","35.077192","-106.532192"
178,"F16A1269","ONLINE","2008DFA006668","a67b5cb18a8f7bc2","35.097908","-106.671095"
653,"F16D299","ONLINE","2008DFA001323","c8b59c22f6ab9f59","35.089096","-106.650874"
638,"F16D259","ONLINE","2006DFA004496","649e94230dfee8da","35.088506","-106.653208"
652,"F16D296","ONLINE","2008DFA001317","c8ac607f68748d1b","35.089104","-106.649897"
665,"F16D253","ONLINE","2008DFA001393","63daecec5cf44900","35.088369","-106.652034"
358,"F16D1391","ONLINE","2008DFA006653","1a30b083d147661e","35.08404","-106.649168"
630,"F16D266","ONLINE","2006DFA004465","649df80facf09ad4","35.086942","-106.6522"
49,"688cd4426df1461d","ONLINE","2008DFA003468","688cd4426df1461d","35.077332","-106.53244"
205,"DECA0704","ONLINE","2008DFA006776","a78ce0e6ada825f9","35.09756","-106.6704"
55,"63dd4c18d38858be","ONLINE","2008DFA003482","63dd4c18d38858be","35.076592","-106.532432"
497,"F16D701","ONLINE","2008DFA003944","63e13003a86b2554","35.08928","-106.647088"
56,"F16D1467","ONLINE","2008DFA004019","dcd81c0d6779f044","35.08516","-106.65272"
79,"F16D483","ONLINE","2008DFA006464","dbd760b2be99b002","35.081132","-106.6482"
41,"6876e8b0d585b98d","ONLINE","2008DFA003473","6876e8b0d585b98d","35.07814","-106.5324"
31,"a62df4164d107d4a","ONLINE","2008DFA003379","a62df4164d107d4a","35.07308","-106.53252"
11,"a62de4c31c203880","ONLINE","2008DFA003390","a62de4c31c203880","35.076212","-106.532464"
13,"63e148f7fef15205","ONLINE","2008DFA003454","63e148f7fef15205","35.079288","-106.532376"
639,"F16D254-5G","ONLINE","2006DFA004497","649f5045388035f9","35.08816","-106.65204"
9,"63de606e5fdca60e","ONLINE","2008DFA003394","63de606e5fdca60e","35.07426","-106.532512"
44,"687c7017a3a8e892","ONLINE","2008DFA003470","687c7017a3a8e892","35.0794","-106.532208"
50,"63dd74aeda96cb4d","ONLINE","2008DFA003485","63dd74aeda96cb4d","35.079732","-106.532432"
662,"F16D248","ONLINE","2008DFA001382","63da40e3261c9648","35.088154","-106.650134"
664,"F16D289","ONLINE","2008DFA001391","7b74f80a1e582535","35.088422","-106.649549"
334,"DECA0705","ONLINE","2008DFA006772","a7904002f0951371","35.096872","-106.670432"
659,"F16D242","ONLINE","2008DFA001378","63db3031a5a7b6d1","35.08815","-106.64982"
292,"DECA0718","ONLINE","2008DFA003970","3f57103766c1d047","35.094241","-106.669524"
14,"a63014f608cd5b28","ONLINE","2008DFA003387","a63014f608cd5b28","35.079868","-106.532112"
222,"F16D267","ONLINE","2008DFA004002","3dd06485d3be6311","35.086788","-106.651667"
219,"F16D397","ONLINE","2008DFA004000","687df0d2d34a3e42","35.090953","-106.64988"
20,"a77de8ed81272ae9","ONLINE","2008DFA003371","a77de8ed81272ae9","35.078268","-106.532184"
76,"F16C761","ONLINE","2008DFA006489","db8604c5a869b819","35.08252","-106.654536"
323,"a6309089d2daf084","ONLINE","2008DFA003979","a6309089d2daf084","35.087331","-106.648538"
723,"654bc84e813398f7","ONLINE","2007DFA003055","654bc84e813398f7","35.101908","-106.646296"
38,"7b88104f9a79ec48","ONLINE","2008DFA003477","7b88104f9a79ec48","35.076888","-106.532472"
279,"F16D207","ONLINE","2008DFA004010","a77dc8f4fe608224","35.08582","-106.652576"
704,"687314e6b6d23a9c","ONLINE","2007DFA003026","687314e6b6d23a9c","35.101892","-106.64676"
57,"F16D1468","ONLINE","2008DFA004017","db67101996ac9923","35.084868","-106.652812"
758,"a6dc046f9377a42b","ONLINE","2012DFA009214","a6dc046f9377a42b","35.10192","-106.647232"
258,"a648a8606b660ae2","ONLINE","2008DFA004039","a648a8606b660ae2","35.08732","-106.648432"
267,"F16D855","ONLINE","2008DFA004030","dd309cc4b636b435","35.090658","-106.647643"
633,"F16D257","ONLINE","2006DFA004470","6828ecc96c10ef50","35.088323","-106.652838"
269,"1a1aac77346d1e88","ONLINE","2008DFA006747","1a1aac77346d1e88","35.0719","-106.708296"
301,"F16D294","ONLINE","2008DFA004027","a63bc88b853b486f","35.088939","-106.649693"
465,"F16A1273","ONLINE","2008DFA006396","dba92cbbef4629c6","35.095494","-106.671449"
487,"DECA0714","ONLINE","2008DFA006707","a790f83ddacc9796","35.095872","-106.669416"
661,"F16D249","ONLINE","2008DFA001381","646d3c992f5531d1","35.088241","-106.6508"
340,"DECA3619","ONLINE","2008DFA004033","a6451c6cbbd94ba2","35.07454","-106.532272"
632,"F16D255","ONLINE","2006DFA004469","649d2c3802ab18ac","35.088292","-106.652296"
644,"F16d230","ONLINE","2006DFA004502","7527a0f3b27129bc","35.086578","-106.649896"
23,"63d97cf88d893804","ONLINE","2008DFA003505","63d97cf88d893804","35.100972","-106.646344"
232,"DECA3615","ONLINE","2008DFA004008","7b4e64fd756686f8","35.084043","-106.648408"
469,"DECA3616","ONLINE","2008DFA003890","3dd618baee7bc569","35.084188","-106.64822"
582,"E17A1068","ONLINE","2010DFA006039","6ad23c8a054177c6","35.076772","-106.69592"
284,"DECA3618","ONLINE","2008DFA003999","687da4a707b3961a","35.074972","-106.532248"
287,"DECA3617","ONLINE","2008DFA003992","687face10096f1cf","35.07532","-106.532224"
627,"F16D231","ONLINE","2006DFA004453","649f80dcb4c6407a","35.086613","-106.650538"
326,"DECA3614","ONLINE","2008DFA003961","687c805cef5ac39b","35.084196","-106.648415"
539,"DECA0549","ONLINE","2008DFA006978","a645dcf6b91c51c1","35.081144","-106.657008"
282,"DECA3613","ONLINE","2008DFA004021","a63724c2c62a0150","35.084054","-106.648592"
235,"E17A1097_1","ONLINE","2008DFA006484","dba91c2447c95d85","35.07502","-106.696408"
462,"F16A307","ONLINE","2008DFA006551","a676c40cc9aa4537","35.095102","-106.669421"
130,"DECA3394","ONLINE","2008DFA003864","a638fc0a86597eb2","35.084825","-106.654522"
132,"DECA3396","ONLINE","2008DFA003859","63d8906720998d03","35.084822","-106.654293"
651,"F16D250","ONLINE","2008DFA001224","db6afc189b400423","35.088151","-106.651016"
573,"E17A1063","ONLINE","2010DFA006026","6b1388801c52764a","35.076568","-106.69472"
127,"DECA3388","ONLINE","2008DFA003853","687d58507bde08e9","35.084892","-106.655086"
43,"63df40198cf2357e","ONLINE","2008DFA003471","63df40198cf2357e","35.08472","-106.653408"
468,"DECA0720","ONLINE","2008DFA006729","3f485478483cb7ed","35.094768","-106.669456"
193,"F16A298","ONLINE","2008DFA006373","dc8da8873a02d57c","35.09776","-106.66948"
587,"F16D862","ONLINE","2008DFA003954","63dda84769d3f129","35.09059","-106.647075"
294,"DECA3383","ONLINE","2008DFA003969","dc3a880b8b9f6569","35.08496","-106.655512"
210,"DECA3382","ONLINE","2008DFA003922","6884c0d80000dbcd","35.084993","-106.655749"
598,"63e0c058d191cecf","ONLINE","2008DFA003941","63e0c058d191cecf","35.091827","-106.658401"
113,"F16D375","ONLINE","2008DFA003894","a64df8b35145aa88","35.091232","-106.652176"
645,"Comanche-Contactor","ONLINE","2006DFA004503","649d8c638a8a3696","35.123972","-106.620696"
154,"F16D399","ONLINE","2008DFA003900","3df8f0ab248aa617","35.090804","-106.64878"
601,"E17A1062","ONLINE","2010DFA006059","6a6878883eec5185","35.07674","-106.693912"
203,"DECA1373","ONLINE","2008DFA006792","dc5b901aad39cd94","35.081188","-106.656544"
151,"F16D374","ONLINE","2008DFA003786","7b883cb3cfde598d","35.091315","-106.65302"
221,"F17B376","ONLINE","2008DFA006726","7b92f470f10150ea","35.080171","-106.649739"
561,"F16D858","ONLINE","2008DFA003978","db88b4abd956c760","35.090117","-106.648016"
642,"F16D256","ONLINE","2006DFA004500","649d703e2acfe07b","35.088408","-106.652584"
533,"F16D356","ONLINE","2008DFA003980","6def2ccb2081ff17","35.089588","-106.65056"
589,"63dd286e80b2d031","ONLINE","2008DFA003957","63dd286e80b2d031","35.091688","-106.657544"
470,"DECA0636","ONLINE","2008DFA006725","5b19a0c240f27d68","35.098425","-106.669404"
655,"F15D252","ONLINE","2008DFA001359","6ddcb0516b04a0f5","35.088278","-106.651194"
191,"DECA3552","ONLINE","2008DFA003892","64dd8089b4c466f2","35.084732","-106.653683"
441,"DECA3557","ONLINE","2008DFA003823","7b8a6c7744c560fa","35.084648","-106.653096"
529,"F16D860","ONLINE","2008DFA003983","63dd5c32177bd28d","35.089642","-106.648074"
591,"F17A611","ONLINE","2008DFA006972","a672a08080454ce7","35.080776","-106.6542"
195,"DECA0723","ONLINE","2008DFA006204","a63364078275c3a9","35.09563","-106.669347"
200,"DECA0703","ONLINE","2008DFA006724","19f2fce3c7bc895b","35.098172","-106.670448"
315,"F16D269","ONLINE","2008DFA003996","a62d6409082cd002","35.08669","-106.65187"
139,"F16D378","ONLINE","2008DFA003817","687d409200cb10bc","35.09104","-106.650552"
268,"DECA0004","ONLINE","2008DFA003912","7b8c785a41e9a75e","35.085023","-106.656005"
537,"E17B7454_1","ONLINE","2008DFA006449","a67188aec0df2e6d","35.07592","-106.6928"
505,"F16C1110","ONLINE","2008DFA003940","63e1400c87a54325","35.091385","-106.654504"
94,"F16D121","ONLINE","2008DFA006677","a630c8f5ee37c0ac","35.0832","-106.650368"
530,"DECA0550","ONLINE","2008DFA006741","db41b8574b37a7d8","35.081089","-106.656616"
513,"DECA0551","ONLINE","2008DFA006816","a645d0fa980ec760","35.081033","-106.656128"
382,"F16D390","ONLINE","2008DFA003520","7b8a68bea3f05dcf","35.090892","-106.650307"
456,"DECA3399","ONLINE","2008DFA003902","63e17446b909bd2e","35.08474","-106.653918"
608,"6dee648e063509e3","ONLINE","2008DFA003921","6dee648e063509e3","35.091542","-106.656864"
182,"DECA0005","ONLINE","2008DFA003930","63e14c17d2b0a7b7","35.085005","-106.655848"
553,"F16D388","ONLINE","2008DFA003977","a77d304cff39d411","35.090487","-106.650401"
90,"F16D392","ONLINE","2008DFA003510","63de306659238ab7","35.089747","-106.649293"
498,"a77dc05d4fbf675c","ONLINE","2008DFA003966","a77dc05d4fbf675c","35.086144","-106.652577"
640,"F16d270","ONLINE","2006DFA004498","4b15e043102f34e1","35.086564","-106.651316"
324,"F16D262","ONLINE","2008DFA003514","6876e04f1ec02a9b","35.08724","-106.653424"
559,"F16D702","ONLINE","2008DFA003973","a77bec21b3a8c2e1","35.089342","-106.648144"
372,"dbf4c4b260db6fb5","ONLINE","2008DFA006482","dbf4c4b260db6fb5","35.08368","-106.652424"
434,"F16D241","ONLINE","2008DFA003857","7b8cbc0a289667df","35.088301","-106.64837"
346,"F16D364","ONLINE","2008DFA003460","689318fbba9047ee","35.090138","-106.651857"
551,"F16D293","ONLINE","2008DFA003981","63e044d532dd7e38","35.089019","-106.649365"
2,"E17C564","ONLINE","2008DFA006958","dba20ceedbf67d91","35.06998","-106.70768"
271,"DECA0003","ONLINE","2008DFA003914","6538287c294a4f31","35.08504","-106.656146"
290,"DECA3556","ONLINE","2008DFA003848","687cdc0f978e3b20","35.084674","-106.653288"
93,"F16D359","ONLINE","2008DFA003527","7b87e8219565b50a","35.089552","-106.65312"
81,"F16D1607","ONLINE","2008DFA003536","7b8c7cf9045cc9f1","35.085521","-106.65183"
583,"E17A1100","ONLINE","2010DFA006035","6ad1504c9a0622a4","35.07626","-106.696768"
374,"F16D221","ONLINE","2008DFA003535","7b8c849d34aaaa0d","35.085383","-106.650606"
125,"F16C1109","ONLINE","2008DFA003868","dbc8fc93382f942d","35.091338","-106.653569"
352,"F17B378","ONLINE","2008DFA006638","1a178cd42b1be33f","35.080498","-106.650984"
707,"7b949c00b6e48cb8","ONLINE","2007DFA003033","7b949c00b6e48cb8","35.098032","-106.648824"
30,"a63300dc4e288da1","ONLINE","2008DFA003370","a63300dc4e288da1","35.101008","-106.647488"
565,"E17A1064","ONLINE","2010DFA006051","6a652c53e86b4283","35.07556","-106.694368"
628,"F16D1372","ONLINE","2006DFA004454","64a11c23bedc79c4","35.086647","-106.650874"
172,"F16A299","ONLINE","2008DFA006696","6873c00bad532924","35.097468","-106.669488"
718,"7b94d0b81fec829b","ONLINE","2007DFA003057","7b94d0b81fec829b","35.097728","-106.646952"
110,"F16D377","ONLINE","2008DFA003897","d9ab74fd900acf8b","35.091138","-106.651422"
379,"F16D395","ONLINE","2008DFA003518","63e0c48f6166a3b7","35.090616","-106.649325"
238,"F17A741","ONLINE","2008DFA006807","a632788a9899c1cc","35.080683","-106.653432"
734,"7e073ce85e4c9056","ONLINE","2102DFA007618","7e073ce85e4c9056","35.074712","-106.702816"
226,"F17B368","ONLINE","2008DFA006698","a78e7431d31574ba","35.08104","-106.648728"
410,"F16D1581","ONLINE","2008DFA003785","688668747e64a1bb","35.08697","-106.648806"
166,"F16A1272","ONLINE","2008DFA006680","6de734e161c93bb9","35.095844","-106.671467"
524,"F16D295","ONLINE","2008DFA003989","687f0843f321dcff","35.089161","-106.649584"
133,"F16D291","ONLINE","2008DFA003862","63e0104d717786b4","35.088725","-106.649495"
415,"F16D376-5G","POWER LOSS","2008DFA003895","5b2398b0ae0d13d5","35.091181","-106.651762"
596,"E17A1061","ONLINE","2010DFA006068","6ad19810f8913484","35.07578","-106.693648"
641,"F16D274","ONLINE","2006DFA004499","649d881b3c8ba0b3","35.087706","-106.652135"
496,"F16D1324","ONLINE","2008DFA003968","dc7d407667ca9c41","35.087908","-106.648432"
59,"F16D369","ONLINE","2008DFA003511","7b8b2487cc89f587","35.09037","-106.650549"
317,"DECA1372","ONLINE","2008DFA006801","3e9a68d6265aefa7","35.08124","-106.6562"
594,"687d18e153fec663","ONLINE","2008DFA003945","687d18e153fec663","35.091487","-106.65626"
347,"F16D396","ONLINE","2008DFA003503","63d9a006faf855f7","35.090777","-106.649103"
756,"a71a9cc861fde8b9","ONLINE","2012DFA009213","a71a9cc861fde8b9","35.10394","-106.647592"
64,"F17B1200","ONLINE","2008DFA006647","a63d084cc8a5298d","35.080428","-106.650136"
742,"7f4b5c86bba15bc1","ONLINE","2102DFA007583","7f4b5c86bba15bc1","35.07688","-106.712824"
217,"DECA1374","ONLINE","2008DFA006760","dd31e446d6441291","35.081264","-106.656998"
760,"a739907002cb86d6","ONLINE","2012DFA008135","a739907002cb86d6","35.0741","-106.713728"
717,"68b0a869cad5aed8","ONLINE","2007DFA003056","68b0a869cad5aed8","35.09898","-106.647912"
701,"68b04c66b6679a88","ONLINE","2007DFA003018","68b04c66b6679a88","35.098672","-106.645568"
715,"68715cfd5e119378","ONLINE","2007DFA003054","68715cfd5e119378","35.09768","-106.646424"
733,"cc5bbcc77eb0c734","ONLINE","2102DFA007640","cc5bbcc77eb0c734","35.08568","-106.651448"
735,"cc555890d0cac874","ONLINE","2102DFA007617","cc555890d0cac874","35.07106","-106.712088"
744,"7a35346f06cc8cb7","ONLINE","2102DFA007564","7a35346f06cc8cb7","35.073232","-106.713024"
749,"7a35181086b8eba9","ONLINE","2102DFA007538","7a35181086b8eba9","35.07628","-106.713312"
32,"63d96cf1546c8f1a","ONLINE","2008DFA003504","63d96cf1546c8f1a","35.10096","-106.647048"
688,"63bcfc8bbafbeae2","ONLINE","2007DFA002862","63bcfc8bbafbeae2","35.09894","-106.646824"
700,"654b68bd24e42c65","ONLINE","2007DFA003010","654b68bd24e42c65","35.09882","-106.64624"
737,"7bc448b6adecec45","ONLINE","2102DFA007605","7bc448b6adecec45","35.072528","-106.712672"
690,"a892b0dfd77081a8","ONLINE","2007DFA003028","a892b0dfd77081a8","35.097948","-106.648296"
710,"654f80cf1a81a45e","ONLINE","2007DFA003037","654f80cf1a81a45e","35.09782","-106.647528"
693,"654a40bec1dcff54","ONLINE","2007DFA003020","654a40bec1dcff54","35.09682","-106.645712"
570,"63dcb01e1fc041eb","ONLINE","2008DFA003963","63dcb01e1fc041eb","35.086955","-106.648578"
236,"F16D305","ONLINE","2008DFA006624","686eec5cc8cf59e4","35.089088","-106.65325"
564,"F16D391","ONLINE","2008DFA003967","a632e0db2791f299","35.089629","-106.649518"
389,"F16d355","ONLINE","2008DFA003509","687c64bf64732e88","35.089289","-106.650765"
359,"F16D371","ONLINE","2008DFA003550","687cf0c44da6927a","35.091198","-106.652747"
22,"63d8f89ee91be182","ONLINE","2008DFA002862","63d8f89ee91be182","35.0847","-106.652992"
698,"654b3c9cc8bc2cab","ONLINE","2007DFA002929","654b3c9cc8bc2cab","35.09758","-106.64592"
576,"E17A1020","ONLINE","2010DFA006017","6a685c1841fc2b36","35.0754","-106.70208"
517,"E17A1067","ONLINE","2010DFA006034","6ad0dcac8ccb159e","35.076388","-106.69576"
563,"F16D368","ONLINE","2008DFA003971","63e1246ca10fd816","35.090249","-106.650417"
730,"b4e12c8f37235929","ONLINE","2102DFA007630","b4e12c8f37235929","35.080328","-106.65048"
555,"E17A1019","ONLINE","2010DFA006066","6ad194f748cd10aa","35.075192","-106.702976"
371,"F16D204","ONLINE","2008DFA003540","687c60f636a81549","35.085599","-106.651479"
386,"F17B371","ONLINE","2008DFA006682","3f00e8b15b9b38fc","35.080376","-106.649805"
635,"F16D1457","ONLINE","2006DFA004491","649e40cd77ceeff2","35.08784","-106.652264"
518,"F17A610","ONLINE","2008DFA006950","dc20ace76fb6bfe9","35.080908","-106.65412"
376,"F16D200","ONLINE","2008DFA003533","689074bf05c835e9","35.085762","-106.652814"
61,"F16D367","ONLINE","2008DFA003515","63de6c63695a9cba","35.090089","-106.650632"
366,"F16C904","ONLINE","2008DFA003542","688cfcd495a2caac","35.08576","-106.653658"
585,"E17A1098","ONLINE","2010DFA006037","6ad0948afb3fe0d8","35.07566","-106.69656"
412,"F16D854","ONLINE","2008DFA003898","6884e07ae09e9412","35.090739","-106.648171"
321,"F16D263","ONLINE","2008DFA003512","7b87d41e2a780718","35.087","-106.65272"
514,"E17A1101","ONLINE","2010DFA006032","6a66ac1f494bcb5e","35.076548","-106.697032"
124,"F16D243","ONLINE","2008DFA003847","68804826a68bdfc4","35.086652","-106.64868"
92,"F16D354","ONLINE","2008DFA003508","687c58af5d4a24ba","35.089362","-106.649365"
297,"E17A1023_1","ONLINE","2008DFA004029","a638c0afcad665d2","35.0741","-106.701736"
605,"5b1fd4f5032a0c1b","ONLINE","2008DFA003935","5b1fd4f5032a0c1b","35.089768","-106.647032"
519,"F16D856","ONLINE","2008DFA003995","687df82b6a888066","35.090609","-106.647925"
351,"F16C909","ONLINE","2008DFA003501","688ce062a7f2efde","35.087712","-106.653507"
392,"F16D201","ONLINE","2008DFA003507","7b87fc89ec669fc2","35.085518","-106.652692"
629,"F16D1373","ONLINE","2006DFA004455","64a15c9ad6d08a73","35.086723","-106.651422"
353,"687c0439b58fb983","ONLINE","2008DFA003488","687c0439b58fb983","35.08652","-106.652448"
586,"E17A1006","ONLINE","2010DFA005997","68cf9cddfb09230b","35.07636","-106.712792"
380,"F16C913","ONLINE","2008DFA003531","687c90483771de07","35.086533","-106.653568"
558,"E17A994","ONLINE","2010DFA006057","6a6830b046ea16f0","35.072668","-106.70232"
531,"F16D864","ONLINE","2008DFA003947","63e00c3edd06daaf","35.09016","-106.646848"
88,"F16D208","ONLINE","2008DFA003529","687c4c9b28070121","35.0864","-106.652392"
70,"F16C912","ONLINE","2008DFA003545","687e90b26d614d79","35.0869","-106.65376"
543,"E17A1003","ONLINE","2010DFA006022","6a65a0a5a7d88470","35.07786","-106.71084"
80,"F16D394","ONLINE","2008DFA003517","6890f0022b5faaf3","35.090372","-106.649136"
398,"F16D1280","ONLINE","2008DFA003863","7b4d84b7ca751509","35.090518","-106.646429"
361,"F16C911","ONLINE","2008DFA003546","63d9fc36defccb35","35.087031","-106.653488"
385,"F16D358","ONLINE","2008DFA003526","6890c84393e6c207","35.089793","-106.651776"
384,"F16D205","ONLINE","2008DFA003522","63e0900d34f992e8","35.085608","-106.652439"
541,"F16D699","ONLINE","2008DFA003985","7b8a78c9e72cdbf1","35.08904","-106.648144"
86,"F16C771","ONLINE","2008DFA006689","dbaa08b648a2d3e3","35.082082","-106.656747"
556,"F16D245","ONLINE","2008DFA003975","a77d349ccd418b51","35.087678","-106.648477"
512,"F16D229","ONLINE","2008DFA003908","63dea8f240d960c6","35.086528","-106.649424"
509,"F16D237","ONLINE","2008DFA003928","68864c62761022dd","35.088","-106.64892"
550,"E17A1022","ONLINE","2010DFA006069","6ad0c8e930e70b10","35.074792","-106.701944"
85,"F16D372","ONLINE","2008DFA003532","653804d2b500e630","35.091058","-106.651551"
245,"a7924c10a70ef363","ONLINE","2008DFA006748","a7924c10a70ef363","35.075748","-106.532216"
278,"DECA3386","ONLINE","2008DFA003920","68926ca02643c7df","35.08498","-106.65536"
143,"E17A1002","ONLINE","2008DFA003731","687ca4dca628b10c","35.0777","-106.711384"
107,"F16D260","ONLINE","2008DFA003559","63de2c1c589512ca","35.08806","-106.653296"
109,"F16D700","ONLINE","2008DFA003884","3e1b045b6dbc8cc6","35.088586","-106.648302"
105,"F16D265","ONLINE","2008DFA003425","a6327ca9dc9d93dd","35.086871","-106.65256"
459,"E17A1099.","ONLINE","2008DFA006917","dba148b0ab7c573a","35.0758","-106.695736"
377,"F16D132","ONLINE","2008DFA006391","dc40b892fce0bba2","35.081248","-106.650368"
491,"F16D1582","ONLINE","2008DFA003972","a6302c90ca86abbf","35.087247","-106.648758"
363,"F16D479","ONLINE","2008DFA006664","687408f17b0c6508","35.083208","-106.648272"
66,"F16D109","ONLINE","2008DFA006663","82990c9e891c47cc","35.082968","-106.649392"
146,"63da70695d9fdd9d","ONLINE","2008DFA003790","63da70695d9fdd9d","35.09146","-106.655648"
348,"F16D135","ONLINE","2008DFA006621","686eb8b3a7a15227","35.081491","-106.650686"
231,"F17B375","ONLINE","2008DFA006576","dc1788f77026f072","35.080303","-106.649216"
357,"F16D118","ONLINE","2008DFA006648","838fe06159ce012b","35.0833","-106.649624"
350,"F16D264","ONLINE","2008DFA003378","a77d14b5338ed348","35.087007","-106.653123"
91,"F16C775","ONLINE","2008DFA006679","a67a8415a7ea38f8","35.081888","-106.655181"
504,"F17A612","ONLINE","2008DFA006962","db0e28c891bd57b2","35.080879","-106.654976"
78,"F16D115","ONLINE","2008DFA006479","a670d476d78553be","35.083372","-106.649384"
648,"F16D268","ONLINE","2006DFA004506","4b1c38aa502480ac","35.086658","-106.651163"
378,"F16C773","ONLINE","2008DFA006690","a63b049e6e2c1fd9","35.08204","-106.655952"
87,"F16D363","ONLINE","2008DFA003521","688db8d23ae57f0c","35.090468","-106.651666"
313,"E17C585","ONLINE","2008DFA004011","6884cc9b17047f25","35.06742","-106.70104"
106,"F16D117","ONLINE","2008DFA006654","a676f89530a81012","35.08372","-106.649384"
171,"F16A302","ONLINE","2008DFA006687","6de1303af9f8641f","35.096908","-106.66952"
602,"F16C774","ONLINE","2008DFA006956","a67120b02a6454a2","35.082068","-106.655576"
101,"F16D122","ONLINE","2008DFA006670","a67a786b77cb6baf","35.083226","-106.649875"
157,"DECA0719","ONLINE","2008DFA006721","1a102cc3a1d67b8d","35.094492","-106.669504"
62,"F16D1585","ONLINE","2008DFA006656","a63694b36410bd49","35.081908","-106.648528"
527,"F16C955","ONLINE","2008DFA006761","6de5847293cdb25b","35.08396","-106.654904"
593,"F17A609","ONLINE","2008DFA006969","a79320a2baaca77a","35.080807","-106.653411"
305,"F17B950","ONLINE","2008DFA006473","db9800c1f98aeaa8","35.08094","-106.647806"
375,"F16D116","ONLINE","2008DFA006470","19e694cada2c2763","35.083558","-106.64924"
450,"F16D133","ONLINE","2008DFA006705","a647f8d6e17cd6c9","35.081472","-106.649696"
60,"F16D365","ONLINE","2008DFA003513","6884dc944c252649","35.090211","-106.651606"
516,"F16C947","ONLINE","2008DFA006780","a78ff4f32ef8f427","35.0846","-106.65648"
65,"F16D138","ONLINE","2008DFA006572","7b914872640b46ae","35.081489","-106.652078"
355,"F16D137","ONLINE","2008DFA006651","3eae88b1859a3ded","35.081508","-106.65148"
484,"F16A1264","ONLINE","2008DFA006676","5b16c87e77d52861","35.098418","-106.670396"
230,"F16C908","ONLINE","2008DFA006610","db89185c01f5c3ee","35.088313","-106.653417"
411,"E17A989","ONLINE","2008DFA003734","687cb8bf42b9bedc","35.07052","-106.71184"
367,"F16D1478","ONLINE","2008DFA006511","dc88f0560d5f1873","35.082968","-106.648392"
500,"687f74f248670083","ONLINE","2008DFA003942","687f74f248670083","35.091492","-106.655032"
71,"F16D124","ONLINE","2008DFA006661","3dccb4ca18c6f2fa","35.08152","-106.648536"
369,"DVT0073","ONLINE","2008DFA006494","a6711c6a8768080d","35.081647","-106.653522"
67,"F16D258","ONLINE","2008DFA003549","6892d4c827f5bc65","35.088657","-106.653199"
626,"F16D271-5G","ONLINE","2006DFA004425","64a0445c136d0b2d","35.087052","-106.652438"
237,"F17B383","ONLINE","2008DFA006188","3f5afc2926d425f4","35.080624","-106.653032"
312,"F17B379","ONLINE","2008DFA006804","19fac44a7a04ddcd","35.0804","-106.651344"
99,"F16C772","ONLINE","2008DFA006674","3f35e4017e5d6e15","35.08216","-106.656328"
73,"F17B380","ONLINE","2008DFA006500","dc4654ad21fd409f","35.080572","-106.651768"
370,"F16D128","ONLINE","2008DFA006660","a6368c7156ffaab8","35.08244","-106.648424"
82,"F17B1312","ONLINE","2008DFA006279","6de2a052c7b25941","35.080464","-106.651879"
128,"E17A986","ONLINE","2008DFA003747","687c8c3c558affc0","35.0714","-106.712672"
126,"E17A823","ONLINE","2008DFA003749","63e020dac35a7f69","35.07906","-106.710776"
209,"F17B1334","ONLINE","2008DFA006787","a79070c5e6d8bc8e","35.080668","-106.65256"
542,"E17A1005","ONLINE","2010DFA006013","6a66c4b8073e11ea","35.076832","-106.712088"
604,"F17A613","ONLINE","2008DFA006961","dcac0414d661ce87","35.080988","-106.654896"
131,"E17A1054","ONLINE","2008DFA003742","63db98a438737fe9","35.078368","-106.71092"
571,"E17A1008","ONLINE","2010DFA006038","6ad264befbc7e963","35.075168","-106.7134"
433,"E17A1009","ONLINE","2008DFA003678","7b8878773b61b197","35.07458","-106.71344"
409,"E17A985","ONLINE","2008DFA003736","63db6825784a4b38","35.071788","-106.71236"
503,"E17A1010","ONLINE","2010DFA006024","6b68c0018e22b09d","35.07384","-106.713208"
606,"E17A919","ONLINE","2010DFA006056","6b13708558f5bb60","35.072652","-106.708528"
624,"F17A736","ONLINE","2008DFA006737","a78ea8e18a1207d6","35.080926","-106.655349"
69,"F16D134","ONLINE","2008DFA006657","3ecfb0a4153501d7","35.081905","-106.649565"
492,"F17A739","ONLINE","2008DFA006976","dae11492c080c554","35.080717","-106.653797"
100,"F16D136","ONLINE","2008DFA006619","dcb9f4024b9e2c12","35.081326","-106.651152"
612,"E17A859_1","ONLINE","2008DFA006951","3f1c9c796d76b038","35.071188","-106.708104"
499,"F16D145","ONLINE","2008DFA006968","a672acb9391de1aa","35.081677","-106.652271"
58,"E17C586","ONLINE","2008DFA004015","dcb0404a03c2af0e","35.067032","-106.701152"
362,"F16C762","ONLINE","2008DFA006649","3ddabcf4664c7427","35.081988","-106.654536"
443,"DECA0707","ONLINE","2008DFA006701","6de6d0af9f3c6f73","35.097868","-106.67032"
224,"F16D130","ONLINE","2008DFA006715","3f37d448673fa025","35.08122","-106.64956"
365,"F16D092","ONLINE","2008DFA006569","dd0800285ee84ebc","35.082351","-106.649474"
336,"DECA0706","ONLINE","2008DFA006764","3e676c21dd9bf98f","35.0965","-106.670464"
25,"E17A992","ONLINE","2008DFA007079","3e12b84c4b63af30","35.0707","-106.709688"
95,"F16D357","ONLINE","2008DFA003506","6886304bbcce0bdd","35.089807","-106.650681"
103,"F17B369","ONLINE","2008DFA006626","a676640f91abb3d1","35.080957","-106.64975"
159,"DECA0709","ONLINE","2008DFA006716","6de4885ec95262b4","35.097148","-106.669488"
98,"F17B370","ONLINE","2008DFA006579","3e1494aba329bc18","35.08082","-106.649816"
181,"DECA0712","ONLINE","2008DFA006704","6de6d861e536e010","35.098148","-106.669832"
96,"F16C914","ONLINE","2008DFA003523","63e0c848646d3c93","35.086368","-106.653704"
158,"3eab883caac887cc","ONLINE","2008DFA006669","3eab883caac887cc","35.076172","-106.532192"
328,"F16D360","ONLINE","2008DFA003516","688d78424e940971","35.090051","-106.652941"
675,"F16D251","ONLINE","2008DFA001428","687e5c330fa90973","35.088312","-106.651832"
197,"F16A1267","ONLINE","2008DFA006727","a63a7881edad3908","35.09848","-106.670091"
320,"F17B987","ONLINE","2008DFA006795","a674e4dc651f3119","35.0802","-106.648304"
214,"DECA0710","ONLINE","2008DFA006763","3f4e28a852119ff9","35.09708","-106.669872"
63,"F16D306","ONLINE","2008DFA003553","687c105e23a83231","35.08917","-106.653093"
360,"F16D131","ONLINE","2008DFA006655","6873a4eb4bfcad66","35.081392","-106.649952"
345,"F16D480","ONLINE","2008DFA006671","a67b4c7e87258fe4","35.0835","-106.648168"
136,"E17A1149","ONLINE","2008DFA003740","63d98c3c3a52df9d","35.070048","-106.711648"
19,"687f0c2e84786719","ONLINE","2008DFA003432","687f0c2e84786719","35.0851","-106.6548"
185,"F16A301","ONLINE","2008DFA006567","dd2b5c7e14f53e77","35.096375","-106.669512"
75,"F16C915","ONLINE","2008DFA003541","63de682ac13f0568","35.086038","-106.653685"
515,"F17A740","ONLINE","2008DFA006952","3e9f60427444aabf","35.080856","-106.653685"
486,"F16A1265","ONLINE","2008DFA006681","3e75b09942a871d5","35.098421","-106.670823"
668,"F16D300","ONLINE","2008DFA001414","63da7cf215b1165c","35.089277","-106.651258"
16,"63dfbc56743fb2d9","ONLINE","2008DFA003441","63dfbc56743fb2d9","35.07384","-106.53252"
457,"DECA0699","ONLINE","2008DFA006583","dd359410368fd6f7","35.095605","-106.668994"
442,"F16A1268","ONLINE","2008DFA006688","dbdef8a6ff0d4088","35.097509","-106.671311"
597,"F16C954","ONLINE","2008DFA006966","a677680f8c8b5a27","35.083925","-106.655248"
364,"F16C910","ONLINE","2008DFA003544","7b87e0afa75534d2","35.08738","-106.653504"
672,"F16D1262","ONLINE","2008DFA001420","63dedce4105b079d","35.088499","-106.652169"
102,"F16D370","ONLINE","2008DFA003478","687d78b3726477ae","35.090973","-106.652905"
373,"F16D361","ONLINE","2008DFA003537","687b04e12ae86950","35.09028","-106.652976"
481,"DECA0722","ONLINE","2008DFA006672","a63ae07ed9cf664f","35.095412","-106.669411"
228,"F16C956-5G","ONLINE","2008DFA006595","a6768ca156d28758","35.083888","-106.6544"
544,"E17A1120","ONLINE","2010DFA005995","6ad24c23dc9a85c1","35.073712","-106.69376"
494,"F16C776","ONLINE","2008DFA006971","a6731ca528851128","35.08194","-106.65476"
27,"63dd8cd8f75df592","ONLINE","2008DFA003418","63dd8cd8f75df592","35.078912","-106.53244"
568,"E17A1108","ONLINE","2010DFA006049","6ad074a8e9b75cf4","35.073508","-106.694776"
569,"E17A1027","ONLINE","2010DFA006047","6ad1c0331a8d99d1","35.073588","-106.701216"
614,"E17A1025","ONLINE","2010DFA006050","6ad06415f8d71c8c","35.073292","-106.70244"
609,"E17A995","ONLINE","2010DFA006054","6ad054c74c5b99d7","35.07248","-106.701216"
600,"F16D147","ONLINE","2008DFA006963","dc2280f50a71952c","35.08182","-106.653288"
307,"F17B1335","ONLINE","2008DFA006809","daeff00a6399c3b9","35.080569","-106.652579"
368,"F16D146","ONLINE","2008DFA006662","a63b781956eb2456","35.081568","-106.652883"
667,"F16D1586","ONLINE","2008DFA001412","7b7500219f3b4523","35.088188","-106.65152"
572,"E17A1121","ONLINE","2010DFA006045","6a67d8e0dede2f36","35.074232","-106.693688"
45,"63e03038655a2446","ONLINE","2008DFA003463","63e03038655a2446","35.07878","-106.532192"
7,"63e02472268bb9ef","ONLINE","2008DFA003461","63e02472268bb9ef","35.077788","-106.532472"
444,"F16A1271","ONLINE","2008DFA006697","a63b40391cdbe55b","35.096347","-106.671403"
265,"DECA3603","POWER LOSS","2008DFA004032","6deeb088a1697b15","35.084348","-106.649493"
316,"DECA3611","POWER LOSS","2008DFA004016","687f30df0116f421","35.084086","-106.648763"
426,"E17A948","POWER LOSS","2008DFA003699","c8a8e4c86309d9fa","35.0772","-106.697288"
447,"DECA0701","POWER LOSS","2008DFA006700","3e75acf18a88d304","35.095952","-106.6674"
477,"DECA0698","POWER LOSS","2008DFA006718","a78e48fa98b245b7","35.095742","-106.668147"
183,"DECA0696","POWER LOSS","2008DFA006612","6873a024ebdcd4be","35.095792","-106.667544"
184,"DECA0697","POWER LOSS","2008DFA006703","3dd320d0d43e8f43","35.09584","-106.66784"
452,"DECA0700","POWER LOSS","2008DFA006665","5b16d428e0ff014f","35.096408","-106.667352"
198,"DECA3590","POWER LOSS","2008DFA003905","63dd3ceba9b4654f","35.084503","-106.650893"
149,"E16C976","POWER LOSS","2008DFA003704","6def3c88017577ca","35.082372","-106.69772"
408,"E16C975","POWER LOSS","2008DFA003711","c7944422fb8fa036","35.08206","-106.697608"
460,"DECA3588","POWER LOSS","2008DFA003903","6537fcf5de22e8bf","35.084371","-106.651096"
74,"F16D1249","POWER LOSS","2008DFA003852","7b8c88a36dd5554f","35.085152","-106.647656"
528,"3eb024f726ce7dbe","POWER LOSS","2008DFA006943","3eb024f726ce7dbe","35.094988","-106.670576"
192,"DECA0721","POWER LOSS","2008DFA003923","6def8444185a6c82","35.095068","-106.669632"
253,"DECA0247","POWER LOSS","2008DFA003953","a639445463df0e55","35.094592","-106.670002"
303,"DECA0725","POWER LOSS","2008DFA004005","a77dbc4fc6484873","35.095188","-106.670648"
311,"DECA0716","POWER LOSS","2008DFA004009","db8a18acfe18f772","35.0949","-106.669568"
227,"DECA0726","POWER LOSS","2008DFA004004","7b8a5c59395ebea2","35.095372","-106.670048"
266,"a675f0b145e81931","POWER LOSS","2008DFA006922","a675f0b145e81931","35.09478","-106.670416"
308,"DECA0717","POWER LOSS","2008DFA004007","a77d4cd5c61df6c3","35.094705","-106.669619"
588,"3e43a4243623b810","POWER LOSS","2008DFA006278","3e43a4243623b810","35.084547","-106.651085"
164,"DECA0543","POWER LOSS","2008DFA006708","3e0ca4f2e4d43bc2","35.09706","-106.671352"
169,"DECA0524","POWER LOSS","2008DFA006694","db56cc258d6e78ea","35.097788","-106.671048"
175,"DECA0516","POWER LOSS","2008DFA006691","dcce34d15bb3a490","35.096326","-106.671202"
176,"DECA0544","POWER LOSS","2008DFA006706","dcb71813aec851ea","35.096737","-106.671357"
208,"DECA0518","POWER LOSS","2008DFA006743","a67a9461ab886bd2","35.09662","-106.671216"
333,"DECA0514","POWER LOSS","2008DFA006730","dc33002238316fff","35.095808","-106.671216"
449,"DECA0545","POWER LOSS","2008DFA006693","3f342863d79a42a7","35.096581","-106.671392"
466,"DECA0542","POWER LOSS","2008DFA006280","686ef464bc3205b5","35.097226","-106.671366"
490,"DECA0521","POWER LOSS","2008DFA006695","686ee82a4ee8c456","35.09732","-106.6712"
168,"DECA0526","POWER LOSS","2008DFA006685","a6489027056bf385","35.098048","-106.670768"
173,"DECA0522","POWER LOSS","2008DFA006699","6491ec7fd271fa52","35.097468","-106.67111"
246,"DECA0513","POWER LOSS","2008DFA006794","a7921c8eed55b0b9","35.095401","-106.671233"
274,"DECA0523","POWER LOSS","2008DFA006744","db89acfd6cd33335","35.09762","-106.67116"
338,"DECA0515","POWER LOSS","2008DFA006717","a78ca8a72226337e","35.096043","-106.671237"
341,"DECA0517","POWER LOSS","2008DFA006709","db53bc59d6ca5740","35.096478","-106.671212"
455,"DECA0525","POWER LOSS","2008DFA006658","a63238a4b3fdb29d","35.09796","-106.670912"
482,"DECA0635","POWER LOSS","2008DFA006710","a792a49375ad52a2","35.098487","-106.670912"
216,"DECA0250","POWER LOSS","2008DFA006731","3f148852a7329106","35.0951","-106.671"
51,"63df14eb0417ee5a","POWER LOSS","2008DFA003467","63df14eb0417ee5a","35.085172","-106.655648"
119,"DECA3600","POWER LOSS","2008DFA003877","653050fb8a3a195b","35.084233","-106.649882"
120,"DECA3595","POWER LOSS","2008DFA003874","687fbc49a72faf13","35.08445","-106.650259"
129,"DECA3601","POWER LOSS","2008DFA003855","687f6c02102f357f","35.084203","-106.649685"
134,"DECA3596","POWER LOSS","2008DFA003825","6880301c4ecdcc43","35.084264","-106.650325"
155,"DECA3584","POWER LOSS","2008DFA003887","5b1f343f8957e7e7","35.084609","-106.651465"
160,"DECA3391","POWER LOSS","2008DFA003881","7b4e1c79ce2ffeea","35.085008","-106.654632"
174,"DECA3572","POWER LOSS","2008DFA003799","6537f8a74e9fd72f","35.084446","-106.651693"
179,"DECA3555","POWER LOSS","2008DFA003932","687d04943e359f65","35.08482","-106.653392"
186,"DECA3562","POWER LOSS","2008DFA003901","63e13cbb36d42db2","35.084606","-106.65271"
188,"DECA3589","POWER LOSS","2008DFA003896","c6cee4f4895bb3ec","35.084355","-106.650915"
199,"DECA3593","POWER LOSS","2008DFA003907","688040d3eab1139c","35.084301","-106.650557"
242,"DECA3558","POWER LOSS","2008DFA003913","63dd108f1d7a9f50","35.084802","-106.653017"
248,"DECA3568","POWER LOSS","2008DFA003933","63dc68759991d0cb","35.084511","-106.65208"
256,"DECA3571","POWER LOSS","2008DFA003929","63e0d0d56e4b6cdf","35.084624","-106.651663"
259,"DECA3395","POWER LOSS","2008DFA003926","63d9bca35dc67ca5","35.084935","-106.654236"
261,"DECA3378","POWER LOSS","2008DFA006625","3e6dc827b8d266c7","35.085214","-106.656141"
273,"DECA3559","POWER LOSS","2008DFA003916","63db0c565c88bbe5","35.084786","-106.652863"
293,"DECA3566","POWER LOSS","2008DFA003939","687fc89ca8452e98","35.084531","-106.652282"
295,"DECA3564","POWER LOSS","2008DFA003937","687f24937d15e85c","35.084564","-106.652499"
306,"DECA3612","POWER LOSS","2008DFA004023","a64220ebf8f1b161","35.084221","-106.648548"
309,"DECA3570","POWER LOSS","2008DFA004020","7b87c86c68d9d363","35.084637","-106.651847"
418,"DECA3605","POWER LOSS","2008DFA003850","63da500e4f57e988","35.08416","-106.649381"
422,"DECA3384","POWER LOSS","2008DFA003851","63d9d0ac72c4117e","35.085117","-106.655501"
424,"DECA3604","POWER LOSS","2008DFA003849","63dfa4960509883a","35.08418","-106.649541"
458,"DECA3569","POWER LOSS","2008DFA003893","83bad4e960bb9c4d","35.084487","-106.651944"
463,"DECA3606","POWER LOSS","2008DFA003906","6538382aca343e67","35.084336","-106.649354"
471,"DECA3567","POWER LOSS","2008DFA003886","687e283cfaa0c632","35.084659","-106.652088"
478,"DECA3565","POWER LOSS","2008DFA003870","687dbccc219f29a3","35.084713","-106.652293"
616,"DECA3607","POWER LOSS","2008DFA006947","dce2e430019450bc","35.084293","-106.64909"
12,"63ded0363d56171c","POWER LOSS","2008DFA003457","63ded0363d56171c","35.08496","-106.654216"
46,"63de4ce22ba74fd3","POWER LOSS","2008DFA003469","63de4ce22ba74fd3","35.08512","-106.655344"
141,"DECA3550","POWER LOSS","2008DFA003795","687ecc3daee441e0","35.084916","-106.653862"
162,"DECA3561","POWER LOSS","2008DFA003875","687ae45ad4df4159","35.084767","-106.652671"
165,"DECA3583","POWER LOSS","2008DFA003867","7b4da8f5b9e9693a","35.08442","-106.651496"
167,"DECA3592","POWER LOSS","2008DFA003865","4b2f84e59aeb0fbf","35.08432","-106.650731"
170,"DECA3563","POWER LOSS","2008DFA003856","63da647d8b34f58a","35.084726","-106.652512"
177,"DECA3591","POWER LOSS","2008DFA003934","7b87cc5dd4121a5e","35.084481","-106.650696"
187,"DECA3387","POWER LOSS","2008DFA003927","dc83d4148187c649","35.085075","-106.655049"
189,"DECA3393","POWER LOSS","2008DFA003925","7b887c40bde3859b","35.085028","-106.654512"
243,"a67600ff30e1bbcf","POWER LOSS","2008DFA006923","a67600ff30e1bbcf","35.084399","-106.651315"
277,"DECA3551","POWER LOSS","2008DFA004024","a647683a385dff6c","35.084877","-106.653674"
296,"DECA3379","POWER LOSS","2008DFA006603","a67728b005ee5d0a","35.085173","-106.656011"
300,"DECA3608","POWER LOSS","2008DFA004003","a62d68edb0583e15","35.084123","-106.649074"
304,"DECA3585","POWER LOSS","2008DFA004025","a647705ea4faf8f3","35.08457","-106.651203"
318,"DECA3599","POWER LOSS","2008DFA003990","64289053d01e7e72","35.0844","-106.649854"
330,"DECA3609","POWER LOSS","2008DFA003952","7b8850b11e086163","35.084103","-106.648925"
427,"DECA3380","POWER LOSS","2008DFA003880","687fe8e0904183d2","35.085173","-106.655912"
435,"DECA3598","POWER LOSS","2008DFA003876","7b8a6444f7f0eee5","35.08442","-106.650064"
445,"a6724081a5af8b86","POWER LOSS","2008DFA006938","a6724081a5af8b86","35.084875","-106.653488"
467,"DECA3594","POWER LOSS","2008DFA003909","687d98606574583c","35.084471","-106.650517"
485,"a6773c7e75cb1024","POWER LOSS","2008DFA006931","a6773c7e75cb1024","35.084372","-106.649664"
714,"68ad9831b27e06a9","POWER LOSS","2007DFA003051","68ad9831b27e06a9","35.094972","-106.646104"
719,"6dff8ceff1bd93b6","POWER LOSS","2007DFA003059","6dff8ceff1bd93b6","35.0959","-106.645896"
716,"6dfb2ccd110bbac6","POWER LOSS","2007DFA002856","6dfb2ccd110bbac6","35.095392","-106.645976"
722,"654b34142c758d8e","POWER LOSS","2007DFA003060","654b34142c758d8e","35.09632","-106.645688"
692,"63ea3c0b29ba16a3","POWER LOSS","2007DFA003022","63ea3c0b29ba16a3","35.096932","-106.647696"
697,"646c4c1f2f59bcc7","POWER LOSS","2007DFA002989","646c4c1f2f59bcc7","35.09658","-106.645912"
699,"7b949842a39f7e79","POWER LOSS","2007DFA002999","7b949842a39f7e79","35.09698","-106.648368"
689,"654ba0f3ee68df69","POWER LOSS","2007DFA003034","654ba0f3ee68df69","35.09702","-106.648944"
691,"654980b7c785f8a5","POWER LOSS","2007DFA003024","654980b7c785f8a5","35.104208","-106.644232"
695,"6ded707c4c2ca60e","POWER LOSS","2007DFA003011","6ded707c4c2ca60e","35.09676","-106.646552"
702,"7b950c900443f5a1","POWER LOSS","2007DFA003021","7b950c900443f5a1","35.096772","-106.647112"
705,"a656f854113f463e","POWER LOSS","2007DFA003031","a656f854113f463e","35.103712","-106.644304"
706,"68732c7c56dfe9c7","POWER LOSS","2007DFA003032","68732c7c56dfe9c7","35.103532","-106.644736"
720,"63e23cdf6b617b4c","POWER LOSS","2008DFA004632","63e23cdf6b617b4c","35.10302","-106.644448"
763,"a73d046aadee80d7","POWER LOSS",,"a73d046aadee80d7","35.105208","-106.644984"
202,"E17C575","POWER LOSS","2008DFA006785","a790d46fb2af92c2","35.069452","-106.70048"
206,"E17A939","POWER LOSS","2008DFA006788","db66849337dd752b","35.070672","-106.70004"
264,"E17C574","POWER LOSS","2008DFA006918","a67958d01c301edd","35.0699","-106.700344"
270,"E17C583","POWER LOSS","2008DFA004028","dd0e90528ebc986d","35.06864","-106.700576"
298,"E17C582","POWER LOSS","2008DFA006594","6de1140e75d43584","35.068988","-106.700448"
454,"E17C577","POWER LOSS","2008DFA006942","a645e403bd3408f9","35.0686","-106.700816"
211,"E17C581","POWER LOSS","2008DFA006735","3edfdc2a60c0e8b0","35.069328","-106.700288"
262,"E17C584","POWER LOSS","2008DFA004036","a63718d31e85f2e0","35.06826","-106.700792"
272,"E17C580","POWER LOSS","2008DFA004026","a6373c8bb8cf4d5b","35.069708","-106.700184"
325,"E17A937","POWER LOSS","2008DFA006790","a79170c60a711028","35.07136","-106.69976"
329,"E17A938","POWER LOSS","2008DFA006786","dd31c48d3e078ed9","35.071048","-106.69988"
480,"E17C578","POWER LOSS","2008DFA006924","3ef95c320bae3919","35.068148","-106.701072"
488,"E17C576","POWER LOSS","2008DFA006935","db786c22177ab452","35.069032","-106.700664"
111,"E17A949","POWER LOSS","2008DFA003698","63e144b1f90d2b86","35.07766","-106.697128"
114,"E17A947","POWER LOSS","2008DFA003695","6893148d2fd10f07","35.076772","-106.697488"
121,"E17A946","POWER LOSS","2008DFA003401","dc6da08fc7fdc9ab","35.07634","-106.697632"
147,"E17A963","POWER LOSS","2008DFA003717","6884e484d2443c57","35.078412","-106.696728"
218,"E17A973","POWER LOSS","2008DFA006582","3f5228c1a5dffd98","35.07912","-106.696984"
223,"E17A952","POWER LOSS","2008DFA006601","6de42cefb8b6f5e1","35.075032","-106.698376"
225,"E17A970","POWER LOSS","2008DFA006605","dc84c49906658c41","35.078288","-106.69712"
233,"E17A958","POWER LOSS","2008DFA006614","7b9800e885fc58de","35.07666","-106.697744"
234,"E17A959","POWER LOSS","2008DFA006618","db0a88f97f7a0af4","35.077068","-106.697576"
239,"E17A957","POWER LOSS","2008DFA006627","7b54243c44006a49","35.07656","-106.697992"
395,"F16D222","POWER LOSS","2008DFA003821","688054f56505fd68","35.08542","-106.648903"
401,"E17A934","POWER LOSS","2008DFA003705","7b8cac7a9333053c","35.07312","-106.698864"
407,"F16D219","POWER LOSS","2008DFA003789","636b0c6d9a10f11b","35.085185","-106.648923"
416,"E16C969","POWER LOSS","2008DFA003716","63dd1cd4e3df3526","35.0813","-106.697376"
421,"E17A932","POWER LOSS","2008DFA003701","a67828188e994739","35.073989","-106.698544"
431,"E17A944","POWER LOSS","2008DFA003694","63e15870221df868","35.07556","-106.697904"
436,"E17A933","POWER LOSS","2008DFA003644","63e0ec0e57dfdf3b","35.0735","-106.698768"
440,"E17A935","POWER LOSS","2008DFA003753","63da48823b12aecd","35.072768","-106.699024"
448,"E17A972_1","POWER LOSS","2008DFA006939","a67278414e2ac9a4","35.07868","-106.697024"
474,"E17A969","POWER LOSS","2008DFA003723","6885045c0e7dca16","35.08094","-106.697256"
483,"E17A965_1","POWER LOSS","2008DFA006926","a64330512a442821","35.079288","-106.69676"
751,"7eb8c0e65cdef900","POWER LOSS","2102DFA007432","7eb8c0e65cdef900","35.069568","-106.711928"
116,"E17A941","POWER LOSS","2008DFA003685","6892c8b95cf7b205","35.074328","-106.698352"
122,"F16D1247","POWER LOSS","2008DFA003871","687d1447e9083da9","35.085012","-106.647552"
135,"E17A967","POWER LOSS","2008DFA003707","a78ba8aedb65a657","35.08012","-106.696992"
145,"E17A962","POWER LOSS","2008DFA003714","c88f104574e009b8","35.078108","-106.697032"
150,"E17A966","POWER LOSS","2008DFA003726","a674c43602f253d9","35.07968","-106.696832"
152,"E17A936","POWER LOSS","2008DFA003700","7b884c501bc09e2d","35.072332","-106.699216"
153,"E17A968","POWER LOSS","2008DFA003724","dd09d0b2fec45cc7","35.0805","-106.697088"
215,"E17A956","POWER LOSS","2008DFA006565","dc1a248528cf4062","35.076272","-106.69804"
220,"E17A955","POWER LOSS","2008DFA006591","a62f8880b383fbf5","35.076192","-106.69796"
252,"E17A954","POWER LOSS","2008DFA006611","dbdbc4468401e3a1","35.075772","-106.698064"
254,"E17A961","POWER LOSS","2008DFA006615","6de33cb308e3ba14","35.07784","-106.697272"
257,"E17A953","POWER LOSS","2008DFA006623","6de6ccfe439f2f57","35.075328","-106.69832"
283,"E17A950","POWER LOSS","2008DFA006564","db3030f57e6a6c80","35.074212","-106.698664"
286,"E17A951","POWER LOSS","2008DFA006577","dd3568875c9f211f","35.074568","-106.698544"
288,"E17A974","POWER LOSS","2008DFA006588","7b91388224080877","35.079552","-106.697032"
339,"E16C970_1","POWER LOSS","2008DFA006762","dc86242b040f5244","35.081728","-106.697512"
396,"E17A942","POWER LOSS","2008DFA003748","63d9389f1579f52c","35.074712","-106.698288"
414,"E17A943","POWER LOSS","2008DFA003730","a61f5c1822948939","35.07516","-106.69808"
425,"F16D226","POWER LOSS","2008DFA003883","a6392cce61b487e4","35.086339","-106.648746"
428,"E17A976","POWER LOSS","2008DFA003696","68928c61f3a5673b","35.080108","-106.697168"
745,"7ba2d8034cf8d03e","POWER LOSS","2102DFA007556","7ba2d8034cf8d03e","35.077448","-106.697456"
754,"b4e0ac6b3d65dad0","POWER LOSS","2102DFA007627","b4e0ac6b3d65dad0","35.07882","-106.6968"
4,"63dd80652af9b5fe","POWER LOSS","2008DFA003413","63dd80652af9b5fe","35.0713","-106.5326"
18,"a77d443d51b3d236","POWER LOSS","2008DFA003435","a77d443d51b3d236","35.0705","-106.53256"
21,"63deb0454a80c3b0","POWER LOSS","2008DFA003430","63deb0454a80c3b0","35.070912","-106.532664"
53,"63e070c37deec2a5","POWER LOSS","2008DFA003466","63e070c37deec2a5","35.06998","-106.53268"
54,"63e060a4d65784e3","POWER LOSS","2008DFA003464","63e060a4d65784e3","35.070788","-106.532696"
6,"63e048ec858e44fa","POWER LOSS","2008DFA003407","63e048ec858e44fa","35.07168","-106.532608"
654,"F16D298","ONLINE","2008DFA001338","dc12d01f53d16950","35.089192","-106.650528"
72,"F16D362","POWER LOSS","2008DFA003543","63a75c2308cfc04a","35.090561","-106.653017"
97,"F16D203","POWER LOSS","2008DFA003502","687e504df6af4f91","35.085707","-106.65221"
190,"F16A1270","POWER LOSS","2008DFA006521","dc9b60fc23c3b387","35.09694","-106.671368"
391,"F16D481","POWER LOSS","2008DFA006675","dc01206f77edcaff","35.083977","-106.648144"
117,"DECA3392","POWER LOSS","2008DFA003879","652fdc782e4e3050","35.08484","-106.654725"
432,"DECA3398","POWER LOSS","2008DFA003854","63da1899bf9ac78d","35.084767","-106.654109"
387,"a670a8b5a8c67b6a","POWER LOSS","2008DFA006573","a670a8b5a8c67b6a","35.088052","-106.649496"
314,"DECA3610","POWER LOSS","2008DFA004018","dc48b03d2efba14c","35.084243","-106.648781"
388,"F16D108","OFFLINE","2008DFA006678","19ed6c46a755a62a","35.0827","-106.6496"
349,"F16D110","POWER LOSS","2008DFA006666","a67bdccad8c901c7","35.08312","-106.649496"
144,"F16D398","POWER LOSS","2008DFA003793","7b8a284fd8251184","35.090884","-106.649299"
89,"F16C1311","POWER LOSS","2008DFA006683","1a0c406be2f6f2f0","35.081763","-106.654406"
694,"68ae2ce684af0062","OFFLINE","2007DFA003017","68ae2ce684af0062","35.10118","-106.644824"
1,"63e18c8797dba410","POWER LOSS","2008DFA003416","63e18c8797dba410","35.075112","-106.532464"
180,"DECA0548","POWER LOSS","2008DFA006659","3e66281216750144","35.0954","-106.671512"
322,"DECA0546","POWER LOSS","2008DFA006793","a793a00d96a8ee04","35.096193","-106.671414"
489,"DECA0547","POWER LOSS","2008DFA006686","a67a44af1363c278","35.095645","-106.671471"
562,"E17A1066","POWER LOSS","2010DFA006053","6a657c36a1ab9f16","35.074892","-106.69532"
599,"E17B753","POWER LOSS","2010DFA006062","6a6514881b929513","35.077032","-106.693264"
5,"E17C563","POWER LOSS","2008DFA006940","db7e24994330d573","35.06954","-106.708792"
405,"E17A978","POWER LOSS","2008DFA003710","63de40663327cffd","35.080608","-106.697352"
526,"F16D393","POWER LOSS","2008DFA003986","a639508a1a127d68","35.090075","-106.649427"
28,"E17A993","OFFLINE","2008DFA007052","db97a8226395d24f","35.07032","-106.711328"
579,"E17A1070","POWER LOSS","2010DFA006014","696ef4dd54ea2c49","35.076468","-106.69528"
417,"E17A945","OFFLINE","2008DFA003718","63e1bc1c874e9896","35.07596","-106.697768"
615,"F16D863","POWER LOSS","2008DFA006949","a630bc3053feef2f","35.0906","-106.6468"
24,"6890c0aa1c0b17c7","POWER LOSS","2008DFA003427","6890c0aa1c0b17c7","35.0747","-106.532496"
201,"E17A887_1","POWER LOSS","2008DFA006746","a632540de3d014b7","35.073792","-106.69768"
577,"E17A1031","POWER LOSS","2010DFA006043","6ad174fc07f2aec8","35.07226","-106.697328"
622,"E17A888","POWER LOSS","2010DFA006042","6ad2e89f861d17e0","35.072832","-106.697376"
567,"E17A1016","POWER LOSS","2010DFA006036","6a65cc40c9b1cdc0","35.07332","-106.697328"
17,"63df80f7874773b9","POWER LOSS","2008DFA003439","63df80f7874773b9","35.10098","-106.645176"
757,"b69f888ed6199b7c","POWER LOSS","2010DFA013437","b69f888ed6199b7c","35.10364","-106.645264"
759,"a70608b3429e0b3a","POWER LOSS","2012DFA009620","a70608b3429e0b3a","35.07556","-106.713752"
738,"7edf7001a0487078","POWER LOSS","2102DFA007604","7edf7001a0487078","35.070272","-106.700208"
419,"E17A997","POWER LOSS","2008DFA003727","c8769cff732f3b6b","35.072768","-106.713176"
736,"d30d504c4f6d1ed8","POWER LOSS","2102DFA007614","d30d504c4f6d1ed8","35.074812","-106.695448"
390,"F16D123","POWER LOSS","2008DFA006585","dd2f907f2cbb2368","35.08128","-106.649112"
545,"E17A1051","POWER LOSS","2010DFA006007","6b0df47834ed8927","35.079268","-106.71016"
26,"63dff42c78ccb368","POWER LOSS","2008DFA003428","63dff42c78ccb368","35.075792","-106.532472"
549,"E17A1119","POWER LOSS","2010DFA006016","6a693ce7ffdd577c","35.073608","-106.69436"
619,"E17A1107","POWER LOSS","2010DFA006046","6a7c94f78d6ad470","35.07496","-106.694704"
621,"F16D1254","POWER LOSS","2008DFA003946","63e080a8e05bb97a","35.086119","-106.64997"
423,"F16D227","POWER LOSS","2008DFA003888","3f35c4a4469c37d6","35.086381","-106.648992"
48,"63d8fc22d545be63","POWER LOSS","2008DFA003486","63d8fc22d545be63","35.100928","-106.645664"
643,"F16D1371","POWER LOSS","2006DFA004501","682900d75bab843e","35.086583","-106.650122"
755,"b58b1c7d3bddb65d","POWER LOSS","2010DFA013431","b58b1c7d3bddb65d","35.103852","-106.647048"
511,"F17A614","POWER LOSS","2008DFA006955","a6458c845ae090c1","35.080982","-106.655805"
660,"F16D297","OFFLINE","2008DFA001379","63da4ca448406b46","35.089026","-106.650251"
112,"F16D239","POWER LOSS","2008DFA003882","64dd146288856f65","35.087826","-106.64869"
115,"F16D238","POWER LOSS","2008DFA003889","7b4d6419705ba844","35.087922","-106.649377"
493,"F16D240","OFFLINE","2008DFA003959","a62d08a155e8fee0","35.08831","-106.648539"
739,"7ba6cc61dd44c8c8","OFFLINE","2102DFA007598","7ba6cc61dd44c8c8","35.12606","-106.614856"
713,"6dfce83a1445ee64","OFFLINE","2007DFA003040","6dfce83a1445ee64",,
207,"DECA3390","POWER LOSS","2008DFA003919","63dd30046c7f0106","35.085044","-106.654845"
607,"E16C974_1","POWER LOSS","2008DFA006954","db2ea47b664abe0f","35.08234","-106.697888"
344,"F16D287","POWER LOSS","2008DFA006749","a671281398b51ed9","35.088964","-106.648824"
613,"F16D859","POWER LOSS","2008DFA003994","63ddd826e86a13a9","35.089934","-106.648246"
548,"F16D286","POWER LOSS","2008DFA003991","4b2f70c9ba2e457a","35.088982","-106.64839"
397,"F16D278","POWER LOSS","2008DFA003796","687d54f1dd5e1320","35.085252","-106.64864"
464,"3e3c2c7772385519","POWER LOSS","2008DFA006847","3e3c2c7772385519","35.087848","-106.647848"
532,"F16D694","POWER LOSS","2008DFA003949","a638b4e1174c77ab","35.088632","-106.647088"
501,"F16D672","POWER LOSS","2008DFA003964","dcfbbcea05334f7e","35.08792","-106.647328"
623,"F16D669","POWER LOSS","2008DFA003948","63e1ac4254973ee9","35.087688","-106.64716"
281,"F16D670","POWER LOSS","2008DFA004022","7b4d2841f71d7825","35.087683","-106.647469"
670,"F16D247","POWER LOSS","2008DFA001417","63da1c31e76e9e2e","35.088088","-106.65048"
592,"F16D696","POWER LOSS","2008DFA003960","6df03c94c770e070","35.088248","-106.647232"
213,"3e8848c56df63697","POWER LOSS","2008DFA006733","3e8848c56df63697","35.076648","-106.532184"
8,"a630386524bda50e","POWER LOSS","2008DFA003405","a630386524bda50e","35.07858","-106.53244"
521,"F16D857","POWER LOSS","2008DFA003993","6defe0c52ed539c4","35.090393","-106.648165"
538,"F16D861","POWER LOSS","2008DFA003974","a77cf0326c6db4d6","35.089456","-106.648334"
584,"F16D698","OFFLINE","2008DFA003988","6def9c2562e482a9","35.088713","-106.64799"
552,"E17A1004","POWER LOSS","2010DFA005985","6b683431b4bb5233","35.07726","-106.711504"
327,"DECA0724","OFFLINE","2008DFA003956","7b8bd0e654ed632b","35.095052","-106.67076"
472,"E17A975","POWER LOSS","2008DFA003725","63d9e8d0c0e76dba","35.079868","-106.697152"
703,"654bc0f20d2bf6c3","POWER LOSS","2007DFA003023","654bc0f20d2bf6c3","35.075","-106.70092"
310,"F17B377","POWER LOSS","2008DFA006805","a78e785f0d09861e","35.080303","-106.650571"
77,"F16D220","POWER LOSS","2008DFA003538","63d95872a034658b","35.085464","-106.651341"
299,"F16D1238-5G","POWER LOSS","2008DFA004001","dad434b6280ba0ad","35.085592","-106.647688"
590,"F17A738","POWER LOSS","2008DFA006977","a67ad4697cef569a","35.080816","-106.654616"
302,"F17A737","POWER LOSS","2008DFA006509","6de2944a8b68a938","35.08096","-106.654536"
383,"F16D202","POWER LOSS","2008DFA003528","7b8a2c5263b388f2","35.085288","-106.652603"
29,"a77d100721992e8b","POWER LOSS","2008DFA003374","a77d100721992e8b","35.075432","-106.532416"
84,"F16D199","OFFLINE","2008DFA003534","63e150b5fedbe9f2","35.08568","-106.653117"
507,"E17A1069_1","POWER LOSS","2008DFA006957","a645ac2a4cc673b1","35.07596","-106.695152"
510,"E17A1007","OFFLINE","2010DFA006031","6a647892476787db","35.07578","-106.7132"
47,"687cb08e27ab5def","POWER LOSS","2008DFA003487","687cb08e27ab5def","35.079972","-106.532448"
547,"E17A990","OFFLINE","2010DFA005983","6b75c4160191df72","35.070728","-106.71232"
620,"E17A1017","POWER LOSS","2010DFA006044","6ad1e468b1c68587","35.074568","-106.696232"
15,"652fd8a3c23fa0ac","POWER LOSS","2008DFA003451","652fd8a3c23fa0ac","35.073448","-106.532512"
658,"F16D290","OFFLINE","2008DFA001377","c89db851f986ac47","35.08866","-106.64968"
194,"DECA3389","OFFLINE","2008DFA003911","687e38806f95b9ab","35.084872","-106.654864"
335,"F16D288","OFFLINE","2008DFA004040","689114e3d5744372","35.088562","-106.648527"
671,"F16D301","OFFLINE","2008DFA001419","63dc9cb274494652","35.089308","-106.651538"
354,"a67ac49c8e30fe4c","OFFLINE","2008DFA006646","a67ac49c8e30fe4c","35.073732","-106.532256"
280,"a791409840a67449","OFFLINE","2008DFA006734","a791409840a67449","35.07414","-106.532272"
674,"F16D304","POWER LOSS","2008DFA001422","688dccbf8ab9070a","35.08862","-106.65197"
356,"F16D261","POWER LOSS","2008DFA003556","687c7c7df30159cc","35.087863","-106.653333"
475,"DECA0637","POWER LOSS","2008DFA006722","dc29c45b27b2c932","35.098227","-106.671004"
255,"F16D285","OFFLINE","2008DFA004041","63df30e933d4c977","35.08881","-106.648482"
244,"F16C962","POWER LOSS","2008DFA006798","a79254e96333ffd8","35.08486","-106.656448"
536,"F16D1441","POWER LOSS","2008DFA003976","db78acd4c0983b62","35.090689","-106.650499"
400,"F16D1256","OFFLINE","2008DFA003794","687ee803b5336531","35.085","-106.647112"
439,"F16D225","OFFLINE","2008DFA003869","687fd0524c00491e","35.086127","-106.648781"
402,"F16D223","OFFLINE","2008DFA003791","6880185779c6a158","35.085671","-106.648845"
394,"E17A984","OFFLINE","2008DFA003750","63dce0ee4e542938","35.072108","-106.712936"
461,"F17A735","POWER LOSS","2008DFA006913","a78fb8ff38b3ec51","35.0811","-106.655352"
557,"E17A1024","OFFLINE","2010DFA006061","6a648c996ed7a0cd","35.07434","-106.700608"
687,"654f3c0a96c2be63","POWER LOSS","2007DFA002982","654f3c0a96c2be63",,
554,"E17A1028","POWER LOSS","2010DFA006070","6ad09830d745dede","35.07404","-106.702632"
451,"F16C768","POWER LOSS","2008DFA006941","a67280c0ec88325e","35.08112","-106.655736"
534,"F16C764","POWER LOSS","2008DFA006739","3ed008f7966e37c6","35.081885","-106.654006"
618,"a67928ba9142a000","OFFLINE","2008DFA006944","a67928ba9142a000","35.07766","-106.532184"
331,"DVT0063","POWER LOSS","2008DFA006732","3eb864fe15d9f398","35.079944","-106.64787"
250,"F16D1237","OFFLINE","2008DFA003958","63e17c758bf3f292","35.08542","-106.647824"
603,"F16D608","POWER LOSS","2008DFA003938","68906cad95ff04b1","35.087712","-106.646624"
495,"F16D671","POWER LOSS","2008DFA003962","63dd5032eb9dc615","35.087632","-106.646888"
393,"F16D224","OFFLINE","2008DFA003866","7b4d68864d0efffd","35.08592","-106.648856"
163,"DECA0634","POWER LOSS","2008DFA006673","3e0178f1c8497836","35.09851","-106.671016"
381,"F16D093","OFFLINE","2008DFA006684","dc3d9864bf34d7aa","35.082132","-106.64972"
83,"F16D318","POWER LOSS","2008DFA003519","63e1104ec29a27a7","35.090791","-106.65174"
430,"DECA3597","OFFLINE","2008DFA003878","687dd4ce3d5b52a7","35.084249","-106.650123"
429,"DECA3385","POWER LOSS","2008DFA003845","68807c9e56d4497e","35.08514","-106.65536"
438,"DECA3397","POWER LOSS","2008DFA003873","68801009849fcfce","35.084946","-106.654052"
437,"DECA3381","POWER LOSS","2008DFA003860","7b8824d5081cc789","35.085153","-106.655739"
263,"DECA3560","POWER LOSS","2008DFA003910","63de14e0402dfb96","35.084617","-106.65289"
523,"a6793c1805344a97","POWER LOSS","2008DFA006945","a6793c1805344a97","35.084693","-106.653466"
68,"F16D1234","POWER LOSS","2008DFA006553","a676dc29ca161a31","35.081712","-106.6498"
502,"F16C949","OFFLINE","2008DFA006965","dc28581b5e2978a4","35.084013","-106.65603"
522,"F16C951","OFFLINE","2008DFA006774","1a430cc45700e0cf","35.084048","-106.655568"
525,"F16C950","OFFLINE","2008DFA006766","a6383023957f1366","35.08416","-106.656432"
574,"E17A998","OFFLINE","2010DFA006021","6b6858f23477e88a","35.073428","-106.713472"
404,"D17B151","POWER LOSS","2008DFA003741","63dd04df7c26de99","35.074828","-106.713864"
669,"F16D302","POWER LOSS","2008DFA001415","7b8bbc9ca69e0c4a","35.089197","-106.65184"
420,"F16D228","POWER LOSS","2008DFA003891","5b1dc0d14ad77bfb","35.086409","-106.64968"
625,"F16D1255","POWER LOSS","2008DFA003950","a638d49b93a0a7cc","35.085689","-106.650036"
540,"F16D1251","POWER LOSS","2008DFA003955","63de70fd21b4d2cf","35.086441","-106.649903"
446,"DECA0541","POWER LOSS","2008DFA006702","a636d857f378f02f","35.09764","-106.671268"